,Assets,TotalPL_indiv,TotalPL_univ,TotalPL_RSI,TotalPL_BB,TotalPL_BaH,TotalPL_Tr_indiv,TotalPL_Tr_univ,TotalPL_Tr_RSI,TotalPL_Tr_BB,TotalPL_Tr_BaH
0,GSPC,1571.3471514936755,2496.38056722088,1271.9709011844207,1586.3651702056777,1519.7110231485312,17.079860342322558,19.502973181413125,181.71012874063152,132.1970975171398,759.8555115742656
1,N225,803.8484277389944,-464.17508622531204,1620.6241417780966,1343.7753996932734,-653.7247884612952,10.04810534673743,-3.7134006898024965,180.0693490864552,122.16139997211576,-326.8623942306476
2,IXIC,1641.841519992351,966.540292152793,1005.3369263067161,-126.17928604890221,1706.9539760460557,19.781223132437965,9.118304642950877,143.61956090095944,-18.025612292700316,853.4769880230278
3,AAPL,668.6070060358725,12429.199710644905,7302.7248416019065,8317.72568614791,16403.02112716148,10.446984469310507,90.06666456989062,730.2724841601906,831.7725686147911,8201.51056358074
4,SPY,1669.2986395463195,1811.0224166816206,1290.7675617140576,589.2078180254593,1902.772437735306,18.54776266162577,15.218675770433787,184.3953659591511,84.17254543220848,951.386218867653
