,Metric,p-value (equal means)
0,Accuracy,0.003227008801179932
1,MacroF1,0.002226556835304069
2,MacroPrec,0.0016712920535199142
3,MacroRec,0.003172630628885527
