,Assets,TotalPL_indiv,TotalPL_univ,TotalPL_RSI,TotalPL_BB,TotalPL_BaH,TotalPL_Tr_indiv,TotalPL_Tr_univ,TotalPL_Tr_RSI,TotalPL_Tr_BB,TotalPL_Tr_BaH
0,GSPC,1458.8112381452775,2847.8386668830917,1271.9709011844207,1586.3651702056777,1519.7110231485312,28.054062272024566,31.998187268349344,181.71012874063152,132.1970975171398,759.8555115742656
1,N225,-34.471948363141564,1012.2687302592094,1620.6241417780966,1343.7753996932734,-653.7247884612952,-0.783453371889581,10.768816279353292,180.0693490864552,122.16139997211576,-326.8623942306476
2,IXIC,143.25327539038517,1342.700734232587,1005.3369263067161,-126.17928604890221,1706.9539760460557,3.8717101456860856,14.594573198180292,143.61956090095944,-18.025612292700316,853.4769880230278
3,AAPL,6154.572453864093,3903.4752517533816,7302.7248416019065,8317.72568614791,16403.02112716148,161.9624329964235,54.2149340521303,730.2724841601906,831.7725686147911,8201.51056358074
4,SPY,1279.8459778988945,2497.243573179514,1290.7675617140576,589.2078180254593,1902.772437735306,29.08740858861124,26.566420991271425,184.3953659591511,84.17254543220848,951.386218867653
