,Assets,Accuracy_i,Accuracy_u,MacroF1_i,MacroF1_u,MacroPrec_i,MacroPrec_u,MacroRec_i,MacroRec_u,Train_Pred_Time_i,Train_Pred_Time_u
0,GSPC,0.5144508670520231,0.44701348747591524,0.3560972073042008,0.44729215642288656,0.36056094163217,0.43131598851314834,0.35174264326231314,0.46449738029316007,510.33604288101196/0.40802931785583496,2528.513612270355/0.39552927017211914
1,N225,0.558766859344894,0.48940269749518306,0.3847722270765548,0.5062009783284278,0.3854474770862731,0.4738556046097086,0.3840993388163199,0.5432856451724376,431.6817560195923/0.5916943550109863,2528.513612270355/0.08987998962402344
2,IXIC,0.5452793834296724,0.4296724470134875,0.34816315489819305,0.4313904532027043,0.34549565813105226,0.417124592783822,0.3508721624850657,0.4466666666666667,299.33683586120605/0.4084622859954834,2528.513612270355/0.08674120903015137
3,AAPL,0.5857418111753372,0.43159922928709055,0.3623440645790862,0.4067974763192955,0.3690141138924501,0.4034722187451077,0.35591086079822,0.4101780002781254,656.0885660648346/0.6009604930877686,2528.513612270355/0.07485461235046387
4,SPY,0.5703275529865125,0.441233140655106,0.3785744223884167,0.4665093492790634,0.37511471265561963,0.4411178700448954,0.38209854450011926,0.4950025186245659,233.18556332588196/0.6344456672668457,2528.513612270355/0.08799147605895996
