,Metric,p-value (equal means)
0,Accuracy,0.0013627117562528173
1,MacroF1,0.0029965139606230977
2,MacroPrec,0.002089772245368734
3,MacroRec,0.004063948636535706
