,Assets,Cumr_indiv,Cumr_univ,Cumr_RSI,Cumr_BB,Cumr_BaH,Annr_indiv,Annr_univ,Annr_RSI,Annr_BB,Annr_BaH,Tr_indiv,Tr_univ,Tr_RSI,Tr_BB,Tr_BaH
0,GSPC,0.020503697756407202,-0.08316061697699406,-0.024213617791897377,0.22431272240324887,0.17839384771741826,0.010102200343878431,-0.04208673788516293,-0.012065690458170852,0.1054208356630506,0.08469029593044275,118,179,5,13,2
1,N225,0.19094856612688946,-0.06328248059579783,0.10024776970566326,0.007954317322684437,0.0343745496573214,0.0903981542181318,-0.031856980646724375,0.04844988077936052,0.003931404177297537,0.01687839157112303,75,160,9,11,2
2,IXIC,0.06964226090543543,-0.0068249706105894805,0.10853603554775328,0.21886354578831543,0.22863312487667262,0.03390359505649365,-0.0033858274612511563,0.05235389630025522,0.10298151512812748,0.1073509687602896,101,170,7,11,2
3,AAPL,0.1296038808448915,-0.04544810833718875,0.40305145859516306,-0.025219191032276104,0.27246381180456936,0.062211645500554136,-0.022771860764581153,0.18259611874832826,-0.012570019600956273,0.12674180595863516,71,177,11,11,2
4,SPY,0.13439205657291567,-0.038701218303170026,-0.009797704135691856,0.23740671485366055,0.2236446776097886,0.0644390810142792,-0.01935724827234009,-0.004864253949973585,0.1112600422706953,0.10512208097331599,89,173,5,13,2
