,Strategy 1,Strategy 2,p-value (equal means)
0,indiv,univ,0.4136053877606901
1,indiv,RSI,0.12144130350864327
2,indiv,BB,0.3903268944352197
3,indiv,BaH,0.2830330160616301
4,univ,indiv,0.4136053877606901
5,univ,RSI,0.9124052782026519
6,univ,BB,0.9156123081644449
7,univ,BaH,0.5828105498194217
