,Assets,TotalPL_indiv,TotalPL_univ,TotalPL_RSI,TotalPL_BB,TotalPL_BaH,TotalPL_Tr_indiv,TotalPL_Tr_univ,TotalPL_Tr_RSI,TotalPL_Tr_BB,TotalPL_Tr_BaH
0,GSPC,205.036977564072,-831.6061697699406,-242.13617791897377,2243.127224032489,1783.9384771741825,1.7376015047802713,-4.645844523854417,-48.427235583794754,172.54824800249915,891.9692385870912
1,N225,1909.4856612688945,-632.8248059579782,1002.4776970566327,79.54317322684437,343.74549657321404,25.459808816918596,-3.955155037237364,111.38641078407029,7.231197566076761,171.87274828660702
2,IXIC,696.4226090543543,-68.2497061058948,1085.3603554775327,2188.6354578831542,2286.3312487667263,6.895273356973806,-0.40146885944644,155.05147935393325,198.96685980755947,1143.1656243833631
3,AAPL,1296.038808448915,-454.4810833718875,4030.5145859516306,-252.19191032276103,2724.638118045694,18.254067724632606,-2.5676897365643363,366.4104169046937,-22.926537302069185,1362.319059022847
4,SPY,1343.9205657291568,-387.01218303170026,-97.97704135691856,2374.0671485366056,2236.446776097886,15.100231075608503,-2.2370646418017355,-19.59540827138371,182.6205498874312,1118.223388048943
