,Assets,Accuracy_i,Accuracy_u,MacroF1_i,MacroF1_u,MacroPrec_i,MacroPrec_u,MacroRec_i,MacroRec_u,Train_Pred_Time_i,Train_Pred_Time_u
0,GSPC,0.4533333333333333,0.4114285714285714,0.3486437997415088,0.4456009636319178,0.34630633401248095,0.42007730293658435,0.35101303431090664,0.47442687368219283,377.1211099624634/0.6417286396026611,7451.4548234939575/0.40256738662719727
1,N225,0.579047619047619,0.41904761904761906,0.4047115977446071,0.4435503180449316,0.40023147017481014,0.4202870316254302,0.40929316043732517,0.4695397915077549,514.2808556556702/0.3007657527923584,7451.4548234939575/0.0966331958770752
2,IXIC,0.5028571428571429,0.41333333333333333,0.3614856158220146,0.44735801541429876,0.3567996927081243,0.41610962207080654,0.36629625928100573,0.4836807681042943,400.6426725387573/0.29297709465026855,7451.4548234939575/0.09138703346252441
3,AAPL,0.5542857142857143,0.379047619047619,0.34820887117882676,0.38991028672639355,0.34716378778275203,0.3789533263671195,0.3492602657004831,0.4015197262479871,352.04435563087463/0.30869102478027344,7451.4548234939575/0.08584046363830566
4,SPY,0.5561904761904762,0.42095238095238097,0.3656215416466547,0.45381791527215254,0.3588561699066581,0.4240509936448345,0.37264690458789085,0.4880794116796941,334.7271132469177/0.3200547695159912,7451.4548234939575/0.09121489524841309
