,Assets,TotalPL_indiv,TotalPL_univ,TotalPL_RSI,TotalPL_BB,TotalPL_BaH,TotalPL_Tr_indiv,TotalPL_Tr_univ,TotalPL_Tr_RSI,TotalPL_Tr_BB,TotalPL_Tr_BaH
0,GSPC,1634.9453672701366,5280.011103506993,1228.81940284138,2965.740280263579,3548.4118144202475,23.02739953901601,32.79510002178257,204.80323380689666,494.29004671059647,1774.2059072101238
1,N225,481.2416775089314,2571.4973418212358,968.8669004779131,2816.9056255182786,1300.617229191119,5.595833459406179,16.378963960644814,121.10836255973913,234.74213545985654,650.3086145955594
2,IXIC,2283.1526133685256,6219.695332153908,3174.208335481271,7121.150504994799,6281.822937597673,27.507862811668982,42.894450566578676,529.0347225802119,593.4292087495666,3140.9114687988367
3,AAPL,7986.80443164457,10680.40864095014,5158.126318499106,6367.460039867276,24082.435429335324,96.22655941740446,68.46415795480858,859.687719749851,795.9325049834094,12041.217714667662
4,SPY,1601.9943812378442,3739.8554679900226,1465.187270190445,1575.4731742134172,4116.828158207714,21.648572719430327,21.61766166468221,244.19787836507416,262.5788623689029,2058.414079103857
