,Strategy 1,Strategy 2,p-value (equal means)
0,indiv,univ,0.47830138352062773
1,indiv,RSI,0.9719713205874296
2,indiv,BB,0.8500690497317009
3,indiv,BaH,0.29653350275301193
4,univ,indiv,0.47830138352062773
5,univ,RSI,0.706475714134251
6,univ,BB,0.9548626071724672
7,univ,BaH,0.4678123314172847
