,Assets,Accuracy_i,Accuracy_u,MacroF1_i,MacroF1_u,MacroPrec_i,MacroPrec_u,MacroRec_i,MacroRec_u,Train_Pred_Time_i,Train_Pred_Time_u
0,GSPC,0.5904761904761905,0.4419047619047619,0.38107796348305417,0.5191475666705186,0.3871161760050649,0.4781418022797333,0.3752252252252252,0.5678464634847613,932.7675879001617/0.3314955234527588,1860.0218834877014/0.31247687339782715
1,N225,0.579047619047619,0.379047619047619,0.4047115977446071,0.448196545883068,0.40023147017481014,0.4347203732176637,0.40929316043732517,0.4625349605898805,514.2808556556702/0.3007657527923584,1860.0218834877014/0.06088113784790039
2,IXIC,0.5028571428571429,0.4114285714285714,0.3614856158220146,0.46670415144252586,0.3567996927081243,0.4356125119428405,0.36629625928100573,0.5025752231675001,400.6426725387573/0.29297709465026855,1860.0218834877014/0.07774519920349121
3,AAPL,0.5542857142857143,0.3676190476190476,0.34820887117882676,0.46133599498891364,0.34716378778275203,0.4338308505804905,0.3492602657004831,0.49256491545893727,352.04435563087463/0.30869102478027344,1860.0218834877014/0.06592583656311035
4,SPY,0.5561904761904762,0.41904761904761906,0.3656215416466547,0.48934256671550086,0.3588561699066581,0.45136700621526676,0.37264690458789085,0.5342952585050025,334.7271132469177/0.3200547695159912,1860.0218834877014/0.05972599983215332
