,Metric,p-value (equal means)
0,Accuracy,0.0
1,MacroF1,0.06349206349206349
2,MacroPrec,0.24603174603174602
3,MacroRec,0.031746031746031744
