,Metric,p-value (equal means)
0,Accuracy,7.768853934812749e-05
1,MacroF1,0.01681023736818757
2,MacroPrec,0.016282915528986922
3,MacroRec,0.01861978115881219
