,Assets,Cumr_indiv,Cumr_univ,Cumr_RSI,Cumr_BB,Cumr_BaH,Annr_indiv,Annr_univ,Annr_RSI,Annr_BB,Annr_BaH,Tr_indiv,Tr_univ,Tr_RSI,Tr_BB,Tr_BaH
0,GSPC,-0.09360993805266626,-0.08806741641946318,-0.024213617791897377,0.22431272240324887,0.17839384771741826,-0.0475091139416185,-0.044629074574118466,-0.012065690458170852,0.1054208356630506,0.08469029593044275,48,100,5,13,2
1,N225,0.18760810273480766,0.028577984063389884,0.10024776970566326,0.007954317322684437,0.0343745496573214,0.08888242848736172,0.014052265562713107,0.04844988077936052,0.003931404177297537,0.01687839157112303,51,104,9,11,2
2,IXIC,0.034609476671710215,0.05886757966706027,0.10853603554775328,0.21886354578831543,0.22863312487667262,0.016992761882746343,0.028732669781341702,0.05235389630025522,0.10298151512812748,0.1073509687602896,56,96,7,11,2
3,AAPL,0.1507271210223693,0.02212988710634363,0.40305145859516306,-0.025219191032276104,0.27246381180456936,0.07200257843240299,0.010899022376899437,0.18259611874832826,-0.012570019600956273,0.12674180595863516,47,90,11,11,2
4,SPY,0.08552821130188677,0.005528455593716353,-0.009797704135691856,0.23740671485366055,0.2236446776097886,0.04147976810727649,0.002734092243417363,-0.004864253949973585,0.1112600422706953,0.10512208097331599,49,99,5,13,2
