,Strategy 1,Strategy 2,p-value (equal means),p-value (equal variances)
0,indiv,univ,0.6111111111111112,0.24603174603174602
1,indiv,RSI,0.9682539682539683,0.08333333333333333
2,indiv,BB,0.7936507936507936,0.007936507936507936
3,indiv,BaH,0.18253968253968253,0.1111111111111111
4,univ,indiv,0.6111111111111112,0.75
5,univ,RSI,0.7936507936507936,0.11507936507936507
6,univ,BB,0.9206349206349206,0.09126984126984126
7,univ,BaH,0.3888888888888889,0.3492063492063492
