,Strategy 1,Strategy 2,p-value (equal means),p-value (equal variances)
0,indiv,univ,0.626984126984127,0.8373015873015873
1,indiv,RSI,0.5158730158730159,0.4603174603174603
2,indiv,BB,0.6587301587301587,0.376984126984127
3,indiv,BaH,0.6190476190476191,0.3968253968253968
4,univ,indiv,0.626984126984127,0.15873015873015872
5,univ,RSI,0.9523809523809523,0.28174603174603174
6,univ,BB,0.9603174603174603,0.15476190476190477
7,univ,BaH,0.9047619047619048,0.1984126984126984
