,Strategy 1,Strategy 2,p-value (equal means),p-value (equal variances)
0,indiv,univ,0.5952380952380952,0.42857142857142855
1,indiv,RSI,0.7380952380952381,0.8134920634920635
2,indiv,BB,0.9523809523809523,0.8492063492063492
3,indiv,BaH,0.48412698412698413,0.4722222222222222
4,univ,indiv,0.5952380952380952,0.5674603174603174
5,univ,RSI,0.40476190476190477,0.7896825396825397
6,univ,BB,0.8015873015873016,0.75
7,univ,BaH,0.6428571428571429,0.42857142857142855
