,Assets,TotalPL_indiv,TotalPL_univ,TotalPL_RSI,TotalPL_BB,TotalPL_BaH,TotalPL_Tr_indiv,TotalPL_Tr_univ,TotalPL_Tr_RSI,TotalPL_Tr_BB,TotalPL_Tr_BaH
0,GSPC,-936.0993805266626,-880.6741641946319,-242.13617791897377,2243.127224032489,1783.9384771741825,-19.502070427638802,-8.806741641946319,-48.427235583794754,172.54824800249915,891.9692385870912
1,N225,1876.0810273480765,285.77984063389886,1002.4776970566327,79.54317322684437,343.74549657321404,36.785902497021105,2.7478830830182583,111.38641078407029,7.231197566076761,171.87274828660702
2,IXIC,346.0947667171022,588.6757966706027,1085.3603554775327,2188.6354578831542,2286.3312487667263,6.180263691376824,6.132039548652112,155.05147935393325,198.96685980755947,1143.1656243833631
3,AAPL,1507.2712102236928,221.2988710634363,4030.5145859516306,-252.19191032276103,2724.638118045694,32.06960021752538,2.4588763451492923,366.4104169046937,-22.926537302069185,1362.319059022847
4,SPY,855.2821130188677,55.28455593716353,-97.97704135691856,2374.0671485366056,2236.446776097886,17.454737000385055,0.5584298579511467,-19.59540827138371,182.6205498874312,1118.223388048943
