,Assets,Accuracy_i,Accuracy_u,MacroF1_i,MacroF1_u,MacroPrec_i,MacroPrec_u,MacroRec_i,MacroRec_u,Train_Pred_Time_i,Train_Pred_Time_u
0,GSPC,0.5942307692307692,0.43846153846153846,0.40131952708969515,0.41440733834415366,0.4033864711196131,0.39230246484873293,0.3992736570350512,0.4391520206533612,610.9065203666687/0.30267953872680664,5715.254278898239/0.39171361923217773
1,N225,0.5269230769230769,0.40192307692307694,0.3320159536390896,0.36156166770645887,0.33051546712748897,0.35702544311034873,0.333530126213053,0.3662146467024516,352.09475684165955/0.30168843269348145,5715.254278898239/0.09148621559143066
2,IXIC,0.5673076923076923,0.4519230769230769,0.3764829236509602,0.44481145347740064,0.3764914408376419,0.41588321524389293,0.3764744068496302,0.4780649647633964,246.5866620540619/0.29550933837890625,5715.254278898239/0.09745407104492188
3,AAPL,0.5846153846153846,0.4307692307692308,0.3736116560095493,0.41533742355439357,0.37414201076172904,0.39336231733138954,0.37308280270871236,0.43991307863351525,395.2826852798462/0.6831746101379395,5715.254278898239/0.0935661792755127
4,SPY,0.5826923076923077,0.4403846153846154,0.381207428155888,0.42960191956687493,0.38220640143941226,0.4086842105263158,0.3802136632942024,0.4527764019482408,296.0740592479706/0.6059215068817139,5715.254278898239/0.10056686401367188
