,Assets,Cumr_indiv,Cumr_univ,Cumr_RSI,Cumr_BB,Cumr_BaH,Annr_indiv,Annr_univ,Annr_RSI,Annr_BB,Annr_BaH,Tr_indiv,Tr_univ,Tr_RSI,Tr_BB,Tr_BaH
0,GSPC,0.06373805691113521,0.34386510834068196,-0.3594320468653281,-0.23975580472474275,-0.23034162094957364,0.0313156199586615,0.15892320042780872,-0.1993029253568197,-0.1278507636263917,-0.12247778462269632,57,64,2,6,2
1,N225,0.016449485157052187,0.060374204644858036,-0.19610303020301925,-0.25896660337052246,-0.31188499352231686,0.008175408587470345,0.02968679713315603,-0.1032091379235145,-0.13891939698282962,-0.17017539076154542,46,66,8,9,2
2,IXIC,0.212205651259305,0.4820694268767458,-0.22155181553987885,0.10361673352658818,-0.12908461804553537,0.10079879271677794,0.21694315682009058,-0.11749080082071772,0.050432248000304325,-0.06664773620695874,34,68,4,14,2
3,AAPL,0.8143845894341223,0.09235995663555477,-0.40493021952571234,-0.2903647087570355,0.08001388238344498,0.34622103910522717,0.04507164942202602,-0.22820796269291144,-0.1573241200857195,0.039160396719384094,30,62,6,10,2
4,SPY,0.056591609878907545,0.7791341176267975,-0.33968084938245485,-0.29640966139656183,-0.19485432500445604,0.027852118504200662,0.3331045800824215,-0.18707603385668647,-0.1609140296476098,-0.10251424569807843,37,78,2,6,2
