,Assets,Accuracy_i,Accuracy_u,MacroF1_i,MacroF1_u,MacroPrec_i,MacroPrec_u,MacroRec_i,MacroRec_u,Train_Pred_Time_i,Train_Pred_Time_u
0,GSPC,0.5942307692307692,0.425,0.40131952708969515,0.43686537903124734,0.4033864711196131,0.4083209840606173,0.3992736570350512,0.4697006255585345,610.9065203666687/0.30267953872680664,6182.858896970749/0.39933204650878906
1,N225,0.5269230769230769,0.40576923076923077,0.3320159536390896,0.4089521900832841,0.33051546712748897,0.393609710253732,0.333530126213053,0.42553924870998044,352.09475684165955/0.30168843269348145,6182.858896970749/0.09284210205078125
2,IXIC,0.5673076923076923,0.4423076923076923,0.3764829236509602,0.44968288739618534,0.3764914408376419,0.41685110186639235,0.3764744068496302,0.48812858918080276,246.5866620540619/0.29550933837890625,6182.858896970749/0.09287095069885254
3,AAPL,0.5846153846153846,0.39615384615384613,0.3736116560095493,0.41428365130626627,0.37414201076172904,0.39067675299506693,0.37308280270871236,0.4409269506771781,395.2826852798462/0.6831746101379395,6182.858896970749/0.11650586128234863
4,SPY,0.5826923076923077,0.4403846153846154,0.381207428155888,0.4552982695374957,0.38220640143941226,0.4255623332062524,0.3802136632942024,0.4895019519133515,296.0740592479706/0.6059215068817139,6182.858896970749/0.10558485984802246
