,Assets,TotalPL_indiv,TotalPL_univ,TotalPL_RSI,TotalPL_BB,TotalPL_BaH,TotalPL_Tr_indiv,TotalPL_Tr_univ,TotalPL_Tr_RSI,TotalPL_Tr_BB,TotalPL_Tr_BaH
0,GSPC,2457.5612982990187,3654.246394579719,1228.81940284138,2965.740280263579,3548.4118144202475,76.79879057184434,46.84931275102204,204.80323380689666,494.29004671059647,1774.2059072101238
1,N225,-1357.0894161068136,-453.9626436594408,968.8669004779131,2816.9056255182786,1300.617229191119,-35.712879371231935,-6.579168748687548,121.10836255973913,234.74213545985654,650.3086145955594
2,IXIC,3877.0040847334603,2826.75882456253,3174.208335481271,7121.150504994799,6281.822937597673,86.15564632741022,33.65189076860155,529.0347225802119,593.4292087495666,3140.9114687988367
3,AAPL,16021.250828491677,20500.73907456656,5158.126318499106,6367.460039867276,24082.435429335324,314.1421731076799,256.25923843208204,859.687719749851,795.9325049834094,12041.217714667662
4,SPY,1096.4910306345791,4908.356710208183,1465.187270190445,1575.4731742134172,4116.828158207714,34.2653447073306,68.17162097511365,244.19787836507416,262.5788623689029,2058.414079103857
