,Assets,Cumr_indiv,Cumr_univ,Cumr_RSI,Cumr_BB,Cumr_BaH,Annr_indiv,Annr_univ,Annr_RSI,Annr_BB,Annr_BaH,Tr_indiv,Tr_univ,Tr_RSI,Tr_BB,Tr_BaH
0,GSPC,0.14588112381452775,0.2776660271772378,0.12719709011844207,0.15863651702056777,0.1519711023148531,0.07059881215811492,0.13060576369343013,0.061817859250651086,0.07655249610270953,0.0734454627569403,52,62,7,12,2
1,N225,-0.0034471948363141566,-0.014715869410778033,0.16206241417780967,0.13437753996932733,-0.06537247884612953,-0.0017284063677157624,-0.007399382241393027,0.07814598209738466,0.0652009928788877,-0.033301608344867506,44,67,9,11,2
2,IXIC,0.014325327539038517,0.01987003129674249,0.1005336926306716,-0.012617928604890222,0.17069539760460556,0.007150994872221483,0.009905290174993198,0.0491600660086664,-0.0063411482192438084,0.08215107139182076,37,60,7,7,2
3,AAPL,0.5084328874787021,0.7071531496904634,0.7302724841601906,0.8317725686147911,1.640302112716148,0.22866924242644515,0.30725409544253846,0.31609320877955516,0.35421937693972727,0.6264212089413981,31,60,10,10,2
4,SPY,0.12798459778988944,0.2760882103281636,0.12907675617140577,0.05892078180254594,0.1902772437735306,0.06218942464715704,0.12990609843289458,0.06270451750986838,0.029095523510565657,0.09118137377284419,44,70,7,7,2
