,Strategy 1,Strategy 2,p-value (equal means),p-value (equal variances)
0,indiv,univ,0.48412698412698413,0.6904761904761905
1,indiv,RSI,0.0,0.9722222222222222
2,indiv,BB,0.023809523809523808,0.5595238095238095
3,indiv,BaH,0.023809523809523808,0.623015873015873
4,univ,indiv,0.48412698412698413,0.3055555555555556
5,univ,RSI,0.0,0.9841269841269841
6,univ,BB,0.015873015873015872,0.75
7,univ,BaH,0.007936507936507936,0.8015873015873016
