,Assets,Cumr_indiv,Cumr_univ,Cumr_RSI,Cumr_BB,Cumr_BaH,Annr_indiv,Annr_univ,Annr_RSI,Annr_BB,Annr_BaH,Tr_indiv,Tr_univ,Tr_RSI,Tr_BB,Tr_BaH
0,GSPC,0.15713471514936755,0.249638056722088,0.12719709011844207,0.15863651702056777,0.1519711023148531,0.07585322245915194,0.11811213898136264,0.061817859250651086,0.07655249610270953,0.0734454627569403,92,128,7,12,2
1,N225,0.08038484277389944,-0.0464175086225312,0.16206241417780967,0.13437753996932733,-0.06537247884612953,0.03949305125818148,-0.023529228530298152,0.07814598209738466,0.0652009928788877,-0.033301608344867506,80,125,9,11,2
2,IXIC,0.1641841519992351,0.0966540292152793,0.1005336926306716,-0.012617928604890222,0.17069539760460556,0.07913168968992679,0.047305591078243836,0.0491600660086664,-0.0063411482192438084,0.08215107139182076,83,106,7,7,2
3,AAPL,0.06686070060358724,1.2429199710644905,0.7302724841601906,0.8317725686147911,1.640302112716148,0.03295389476641053,0.4988040565440921,0.31609320877955516,0.35421937693972727,0.6264212089413981,64,138,10,10,2
4,SPY,0.16692986395463194,0.18110224166816205,0.12907675617140577,0.05892078180254594,0.1902772437735306,0.08040595065032186,0.0869595635719631,0.06270451750986838,0.029095523510565657,0.09118137377284419,90,119,7,7,2
