,Assets,Accuracy_i,Accuracy_u,MacroF1_i,MacroF1_u,MacroPrec_i,MacroPrec_u,MacroRec_i,MacroRec_u,Train_Pred_Time_i,Train_Pred_Time_u
0,GSPC,0.5144508670520231,0.5375722543352601,0.3560972073042008,0.4327438108112931,0.36056094163217,0.41906906906906904,0.35174264326231314,0.44734110400089233,510.33604288101196/0.40802931785583496,4912.0732526779175/0.3021583557128906
1,N225,0.558766859344894,0.5260115606936416,0.3847722270765548,0.431142884280583,0.3854474770862731,0.416001744059298,0.3840993388163199,0.44742783422028704,431.6817560195923/0.5916943550109863,4912.0732526779175/0.06554722785949707
2,IXIC,0.5452793834296724,0.5183044315992292,0.34816315489819305,0.4141138180995197,0.34549565813105226,0.4009703529296493,0.3508721624850657,0.42814814814814817,299.33683586120605/0.4084622859954834,4912.0732526779175/0.06738543510437012
3,AAPL,0.5799614643545279,0.4932562620423892,0.36168240346111835,0.3941493491319767,0.3662086028827602,0.38580246913580246,0.3572667222917536,0.4028653872896677,355.53556299209595/0.5883710384368896,4912.0732526779175/0.06000065803527832
4,SPY,0.5703275529865125,0.5240847784200385,0.3785744223884167,0.43010615865023877,0.37511471265561963,0.4081581288635679,0.38209854450011926,0.4545487685251464,233.18556332588196/0.6344456672668457,4912.0732526779175/0.07259321212768555
