,Assets,Cumr_indiv,Cumr_univ,Cumr_RSI,Cumr_BB,Cumr_BaH,Annr_indiv,Annr_univ,Annr_RSI,Annr_BB,Annr_BaH,Tr_indiv,Tr_univ,Tr_RSI,Tr_BB,Tr_BaH
0,GSPC,0.2457561298299019,0.3890782113420868,0.122881940284138,0.2965740280263579,0.35484118144202476,0.11613445866969885,0.17859162195481715,0.05966123845507254,0.1386720458614754,0.16397645227127544,32,93,6,6,2
1,N225,-0.13570894161068137,-0.07709152105070552,0.09688669004779131,0.28169056255182784,0.1300617229191119,-0.0703274456082299,-0.03931874227229015,0.04732358421253524,0.1321177335206034,0.06304361289606164,38,81,8,12,2
2,IXIC,0.387700408473346,0.5632642117290008,0.3174208335481271,0.7121150504994799,0.6281822937597673,0.17800696452667286,0.2503056473234857,0.14778954235875807,0.3084781429200414,0.27600246620442204,45,93,6,12,2
3,AAPL,1.6021250828491678,0.6172370701040789,0.5158126318499106,0.6367460039867275,2.4082435429335325,0.613110375284087,0.2717063615882711,0.23118342737786657,0.2793537446643628,0.8461428825888673,51,90,6,8,2
4,SPY,0.10964910306345792,0.4812237695735483,0.1465187270190445,0.15754731742134173,0.41168281582077143,0.053398833805818224,0.21705536832699113,0.07075614731788704,0.07589372961335816,0.18814259069388273,32,93,6,6,2
