,Assets,Accuracy_i,Accuracy_u,MacroF1_i,MacroF1_u,MacroPrec_i,MacroPrec_u,MacroRec_i,MacroRec_u,Train_Pred_Time_i,,Train_Pred_Time_u,,,,,
0,GSPC,0.514450867,0.447013487,0.356097207,0.447292156,0.360560942,0.431315989,0.351742643,0.46449738,510.3360429,0.408029318,2528.513612,0.39552927,08:30,42:09,08:30/0.41,42:09/0.40
1,N225,0.558766859,0.489402697,0.384772227,0.506200978,0.385447477,0.473855605,0.384099339,0.543285645,431.681756,0.591694355,2528.513612,0.08987999,07:12,42:09,07:12/0.59,42:09/0.09
2,IXIC,0.545279383,0.429672447,0.348163155,0.431390453,0.345495658,0.417124593,0.350872162,0.446666667,299.3368359,0.408462286,2528.513612,0.086741209,04:59,42:09,04:59/0.41,42:09/0.09
3,AAPL,0.585741811,0.431599229,0.362344065,0.406797476,0.369014114,0.403472219,0.355910861,0.410178,656.0885661,0.600960493,2528.513612,0.074854612,10:56,42:09,10:56/0.60,42:09/0.07
4,SPY,0.570327553,0.441233141,0.378574422,0.466509349,0.375114713,0.44111787,0.382098545,0.495002519,233.1855633,0.634445667,2528.513612,0.087991476,03:53,42:09,03:53/0.63,42:09/0.09
,,,,,,,,,,426.1257528,0.528718424,2528.513612,0.146999311,07:06,42:09,07:06/0.53,42:09/0.15
