,Strategy 1,Strategy 2,p-value (equal means)
0,indiv,univ,0.6183098881429236
1,indiv,RSI,0.026950568015114845
2,indiv,BB,0.052780005060125645
3,indiv,BaH,0.0037628811876998635
4,univ,indiv,0.6183098881429236
5,univ,RSI,0.006713564349965903
6,univ,BB,0.012826693954860335
7,univ,BaH,0.026248695470517898
