,Assets,Cumr_indiv,Cumr_univ,Cumr_RSI,Cumr_BB,Cumr_BaH,Annr_indiv,Annr_univ,Annr_RSI,Annr_BB,Annr_BaH,Tr_indiv,Tr_univ,Tr_RSI,Tr_BB,Tr_BaH
0,GSPC,0.16349453672701367,0.5280011103506993,0.122881940284138,0.2965740280263579,0.35484118144202476,0.07865403940606175,0.2361234203552247,0.05966123845507254,0.1386720458614754,0.16397645227127544,71,161,6,6,2
1,N225,0.04812416775089314,0.25714973418212356,0.09688669004779131,0.28169056255182784,0.1300617229191119,0.023779355013028747,0.1212268879143612,0.04732358421253524,0.1321177335206034,0.06304361289606164,86,157,8,12,2
2,IXIC,0.22831526133685257,0.6219695332153907,0.3174208335481271,0.7121150504994799,0.6281822937597673,0.10829385152894022,0.273565676836256,0.14778954235875807,0.3084781429200414,0.27600246620442204,83,145,6,12,2
3,AAPL,0.7986804431644571,1.0680408640950139,0.5158126318499106,0.6367460039867275,2.4082435429335325,0.34114892654188744,0.4380684490298137,0.23118342737786657,0.2793537446643628,0.8461428825888673,83,156,6,8,2
4,SPY,0.16019943812378443,0.37398554679900226,0.1465187270190445,0.15754731742134173,0.41168281582077143,0.07712554427224694,0.17217129584331747,0.07075614731788704,0.07589372961335816,0.18814259069388273,74,173,6,6,2
