,Assets,TotalPL_indiv,TotalPL_univ,TotalPL_RSI,TotalPL_BB,TotalPL_BaH,TotalPL_Tr_indiv,TotalPL_Tr_univ,TotalPL_Tr_RSI,TotalPL_Tr_BB,TotalPL_Tr_BaH
0,GSPC,1104.2978318557543,274.9352552636883,-242.13617791897377,2243.127224032489,1783.9384771741825,27.607445796393858,2.2911271271974027,-48.427235583794754,172.54824800249915,891.9692385870912
1,N225,1876.0810273480765,2306.166738369948,1002.4776970566327,79.54317322684437,343.74549657321404,36.785902497021105,20.776276922251782,111.38641078407029,7.231197566076761,171.87274828660702
2,IXIC,346.0947667171022,1130.5385772299396,1085.3603554775327,2188.6354578831542,2286.3312487667263,6.180263691376824,10.094094439553032,155.05147935393325,198.96685980755947,1143.1656243833631
3,AAPL,1507.2712102236928,1904.7620727580215,4030.5145859516306,-252.19191032276103,2724.638118045694,32.06960021752538,16.70843923471949,366.4104169046937,-22.926537302069185,1362.319059022847
4,SPY,855.2821130188677,1189.2249522370057,-97.97704135691856,2374.0671485366056,2236.446776097886,17.454737000385055,10.251939243422463,-19.59540827138371,182.6205498874312,1118.223388048943
