,Assets,TotalPL_indiv,TotalPL_univ,TotalPL_RSI,TotalPL_BB,TotalPL_BaH,TotalPL_Tr_indiv,TotalPL_Tr_univ,TotalPL_Tr_RSI,TotalPL_Tr_BB,TotalPL_Tr_BaH
0,GSPC,637.3805691113521,3438.6510834068195,-3594.320468653281,-2397.5580472474276,-2303.4162094957364,11.18211524756758,53.728923178231554,-1797.1602343266404,-399.59300787457124,-1151.7081047478682
1,N225,164.49485157052186,603.7420464485804,-1961.0303020301926,-2589.6660337052244,-3118.8499352231684,3.5759750341417798,9.14760676437243,-245.12878775377408,-287.7406704116916,-1559.4249676115842
2,IXIC,2122.05651259305,4820.694268767458,-2215.5181553987886,1036.1673352658818,-1290.8461804553535,62.41342684097205,70.89256277599203,-553.8795388496972,74.01195251899155,-645.4230902276768
3,AAPL,8143.845894341222,923.5995663555477,-4049.3021952571235,-2903.6470875703553,800.1388238344498,271.4615298113741,14.896767199283028,-674.8836992095206,-290.36470875703554,400.0694119172249
4,SPY,565.9160987890755,7791.341176267975,-3396.8084938245483,-2964.0966139656184,-1948.5432500445604,15.29502969700204,99.88898943933302,-1698.4042469122742,-494.01610232760305,-974.2716250222802
