,Assets,Accuracy_i,Accuracy_u,MacroF1_i,MacroF1_u,MacroPrec_i,MacroPrec_u,MacroRec_i,MacroRec_u,Train_Pred_Time_i,Train_Pred_Time_u
0,GSPC,0.5163147792706334,0.3512476007677543,0.37474989891240046,0.37896859725026383,0.3709092872115674,0.3782511416809669,0.3786708786708786,0.37968877968877973,484.3244798183441/0.37200474739074707,6154.665203332901/0.3878486156463623
1,N225,0.525911708253359,0.3531669865642994,0.35420285232079907,0.39473509380130595,0.35670694603988756,0.3946206448311864,0.35173367114425486,0.3948496091762978,476.79178857803345/0.39364123344421387,6154.665203332901/0.09565997123718262
2,IXIC,0.5854126679462572,0.3781190019193858,0.34921914377845953,0.41245390587862896,0.3499417146192556,0.41754310504310505,0.3484995507637017,0.407487271638215,389.1425380706787/0.37786269187927246,6154.665203332901/0.0945732593536377
3,AAPL,0.6026871401151631,0.3742802303262956,0.3411585996016348,0.40969750173118086,0.3409500742235363,0.40988142123598204,0.34136738020445395,0.4095137472068396,359.77234959602356/0.4014928340911865,6154.665203332901/0.09045815467834473
4,SPY,0.5623800383877159,0.3550863723608445,0.365054271099718,0.4127353496057025,0.36429018883638403,0.4078657585805356,0.3658215653563288,0.41772262371900526,248.59290051460266/0.3790585994720459,6154.665203332901/0.09921979904174805
